{
    "updated_at_baires": "17/03 13:12",
    "tickers": {
        "AAPL": {
            "name": "Apple",
            "price_usd": 252.82,
            "change_pct": 1.08,
            "rsi": 50.0,
            "macd": 0.0,
            "macd_signal": 0.0,
            "macd_hist": 0.0,
            "ma20": 262.6,
            "ma50": 262.2,
            "ma200": 245.46,
            "hist_prices": [
                269.7575988769531,
                269.22808837890625,
                276.23150634765625,
                275.6520690917969,
                277.8599853515625,
                274.6199951171875,
                273.67999267578125,
                275.5,
                261.7300109863281,
                255.77999877929688,
                263.8800048828125,
                264.3500061035156,
                260.5799865722656,
                264.5799865722656,
                266.17999267578125,
                272.1400146484375,
                274.2300109863281,
                272.95001220703125,
                264.17999267578125,
                264.7200012207031,
                263.75,
                262.5199890136719,
                260.2900085449219,
                257.4599914550781,
                259.8800048828125,
                260.8299865722656,
                260.80999755859375,
                255.75999450683594,
                250.1199951171875,
                252.82000732421875
            ],
            "hist_dates": [
                "02/02",
                "03/02",
                "04/02",
                "05/02",
                "06/02",
                "09/02",
                "10/02",
                "11/02",
                "12/02",
                "13/02",
                "17/02",
                "18/02",
                "19/02",
                "20/02",
                "23/02",
                "24/02",
                "25/02",
                "26/02",
                "27/02",
                "02/03",
                "03/03",
                "04/03",
                "05/03",
                "06/03",
                "09/03",
                "10/03",
                "11/03",
                "12/03",
                "13/03",
                "16/03"
            ]
        },
        "MSFT": {
            "name": "Microsoft",
            "price_usd": 399.95,
            "change_pct": 1.11,
            "rsi": 50.0,
            "macd": 0.0,
            "macd_signal": 0.0,
            "macd_hist": 0.0,
            "ma20": 400.18,
            "ma50": 427.04,
            "ma200": 481.14,
            "hist_prices": [
                422.4058837890625,
                410.2735595703125,
                413.2467956542969,
                392.7735290527344,
                400.22650146484375,
                412.65814208984375,
                412.328857421875,
                403.4491271972656,
                400.9248962402344,
                400.4060974121094,
                395.95623779296875,
                398.69000244140625,
                398.4599914550781,
                397.2300109863281,
                384.4700012207031,
                389.0,
                400.6000061035156,
                401.7200012207031,
                392.739990234375,
                398.54998779296875,
                403.92999267578125,
                405.20001220703125,
                410.67999267578125,
                408.9599914550781,
                409.4100036621094,
                405.760009765625,
                404.8800048828125,
                401.8599853515625,
                395.54998779296875,
                399.95001220703125
            ],
            "hist_dates": [
                "02/02",
                "03/02",
                "04/02",
                "05/02",
                "06/02",
                "09/02",
                "10/02",
                "11/02",
                "12/02",
                "13/02",
                "17/02",
                "18/02",
                "19/02",
                "20/02",
                "23/02",
                "24/02",
                "25/02",
                "26/02",
                "27/02",
                "02/03",
                "03/03",
                "04/03",
                "05/03",
                "06/03",
                "09/03",
                "10/03",
                "11/03",
                "12/03",
                "13/03",
                "16/03"
            ]
        },
        "GOOGL": {
            "name": "Google",
            "price_usd": 305.56,
            "change_pct": 1.09,
            "rsi": 50.0,
            "macd": 0.0,
            "macd_signal": 0.0,
            "macd_hist": 0.0,
            "ma20": 306.04,
            "ma50": 318.61,
            "ma200": 256.8,
            "hist_prices": [
                343.4482421875,
                339.47100830078125,
                332.80572509765625,
                331.0169677734375,
                322.63287353515625,
                324.09185791015625,
                318.3558654785156,
                310.7412414550781,
                308.7826232910156,
                305.50494384765625,
                301.8075256347656,
                303.1166076660156,
                302.636962890625,
                314.7584228515625,
                311.2708740234375,
                310.6813049316406,
                312.67987060546875,
                307.1637878417969,
                311.54071044921875,
                306.3043518066406,
                303.3664245605469,
                302.9167785644531,
                300.6683349609375,
                298.30999755859375,
                306.3599853515625,
                307.0400085449219,
                308.70001220703125,
                303.54998779296875,
                302.2799987792969,
                305.55999755859375
            ],
            "hist_dates": [
                "02/02",
                "03/02",
                "04/02",
                "05/02",
                "06/02",
                "09/02",
                "10/02",
                "11/02",
                "12/02",
                "13/02",
                "17/02",
                "18/02",
                "19/02",
                "20/02",
                "23/02",
                "24/02",
                "25/02",
                "26/02",
                "27/02",
                "02/03",
                "03/03",
                "04/03",
                "05/03",
                "06/03",
                "09/03",
                "10/03",
                "11/03",
                "12/03",
                "13/03",
                "16/03"
            ]
        },
        "AMZN": {
            "name": "Amazon",
            "price_usd": 211.74,
            "change_pct": 1.96,
            "rsi": 50.0,
            "macd": 0.0,
            "macd_signal": 0.0,
            "macd_hist": 0.0,
            "ma20": 209.94,
            "ma50": 222.92,
            "ma200": 224.73,