{
    "updated_at_baires": "26/03 15:04",
    "tickers": {
        "AAPL": {
            "name": "Apple",
            "price_usd": 256.44,
            "change_pct": 1.51,
            "rsi": 50.0,
            "macd": 0.0,
            "macd_signal": 0.0,
            "macd_hist": 0.0,
            "ma20": 256.32,
            "ma50": 260.5,
            "ma200": 247.48,
            "hist_prices": [
                261.7300109863281,
                255.77999877929688,
                263.8800048828125,
                264.3500061035156,
                260.5799865722656,
                264.5799865722656,
                266.17999267578125,
                272.1400146484375,
                274.2300109863281,
                272.95001220703125,
                264.17999267578125,
                264.7200012207031,
                263.75,
                262.5199890136719,
                260.2900085449219,
                257.4599914550781,
                259.8800048828125,
                260.8299865722656,
                260.80999755859375,
                255.75999450683594,
                250.1199951171875,
                252.82000732421875,
                254.22999572753906,
                249.94000244140625,
                248.9600067138672,
                247.99000549316406,
                251.49000549316406,
                251.63999938964844,
                252.6199951171875,
                256.44000244140625
            ],
            "hist_dates": [
                "12/02",
                "13/02",
                "17/02",
                "18/02",
                "19/02",
                "20/02",
                "23/02",
                "24/02",
                "25/02",
                "26/02",
                "27/02",
                "02/03",
                "03/03",
                "04/03",
                "05/03",
                "06/03",
                "09/03",
                "10/03",
                "11/03",
                "12/03",
                "13/03",
                "16/03",
                "17/03",
                "18/03",
                "19/03",
                "20/03",
                "23/03",
                "24/03",
                "25/03",
                "26/03"
            ]
        },
        "MSFT": {
            "name": "Microsoft",
            "price_usd": 370.45,
            "change_pct": -0.16,
            "rsi": 50.0,
            "macd": 0.0,
            "macd_signal": 0.0,
            "macd_hist": 0.0,
            "ma20": 394.84,
            "ma50": 412.14,
            "ma200": 477.95,
            "hist_prices": [
                400.9248962402344,
                400.4060974121094,
                395.95623779296875,
                398.69000244140625,
                398.4599914550781,
                397.2300109863281,
                384.4700012207031,
                389.0,
                400.6000061035156,
                401.7200012207031,
                392.739990234375,
                398.54998779296875,
                403.92999267578125,
                405.20001220703125,
                410.67999267578125,
                408.9599914550781,
                409.4100036621094,
                405.760009765625,
                404.8800048828125,
                401.8599853515625,
                395.54998779296875,
                399.95001220703125,
                399.4100036621094,
                391.7900085449219,
                389.0199890136719,
                381.8699951171875,
                383.0,
                372.739990234375,
                371.0400085449219,
                370.44989013671875
            ],
            "hist_dates": [
                "12/02",
                "13/02",
                "17/02",
                "18/02",
                "19/02",
                "20/02",
                "23/02",
                "24/02",
                "25/02",
                "26/02",
                "27/02",
                "02/03",
                "03/03",
                "04/03",
                "05/03",
                "06/03",
                "09/03",
                "10/03",
                "11/03",
                "12/03",
                "13/03",
                "16/03",
                "17/03",
                "18/03",
                "19/03",
                "20/03",
                "23/03",
                "24/03",
                "25/03",
                "26/03"
            ]
        },
        "GOOGL": {
            "name": "Google",
            "price_usd": 286.4,
            "change_pct": -1.56,
            "rsi": 50.0,
            "macd": 0.0,
            "macd_signal": 0.0,
            "macd_hist": 0.0,
            "ma20": 302.66,
            "ma50": 314.78,
            "ma200": 261.98,
            "hist_prices": [
                308.7826232910156,
                305.50494384765625,
                301.8075256347656,
                303.1166076660156,
                302.636962890625,
                314.7584228515625,
                311.2708740234375,
                310.6813049316406,
                312.67987060546875,
                307.1637878417969,
                311.54071044921875,
                306.3043518066406,
                303.3664245605469,
                302.9167785644531,
                300.6683349609375,
                298.30999755859375,
                306.3599853515625,
                307.0400085449219,
                308.70001220703125,
                303.54998779296875,
                302.2799987792969,
                305.55999755859375,
                310.9200134277344,
                307.69000244140625,
                307.1300048828125,
                301.0,
                302.05999755859375,
                290.44000244140625,
                290.92999267578125,
                286.3999938964844
            ],
            "hist_dates": [
                "12/02",
                "13/02",
                "17/02",
                "18/02",
                "19/02",
                "20/02",
                "23/02",
                "24/02",
                "25/02",
                "26/02",
                "27/02",
                "02/03",
                "03/03",
                "04/03",
                "05/03",
                "06/03",
                "09/03",
                "10/03",
                "11/03",
                "12/03",
                "13/03",
                "16/03",
                "17/03",
                "18/03",
                "19/03",
                "20/03",
                "23/03",
                "24/03",
                "25/03",
                "26/03"
            ]
        },
        "AMZN": {
            "name": "Amazon",
            "price_usd": 212.66,
            "change_pct": 0.45,
            "rsi": 50.0,
            "macd": 0.0,
            "macd_signal": 0.0,
            "macd_hist": 0.0,
            "ma20": 211.32,
            "ma50": 218.05,
            "ma200": 224.79,